unix_s,fd_count,thread_count,socket_count,rss_kib,cpu_percent,docker_rss,pids
1790858413,8,21,1,15060,10.20%,6.672MiB,22
1790858424,12,21,5,16908,9.14%,6.633MiB,22
1790858435,12,21,5,17152,10.47%,8.402MiB,22
1790858446,12,21,5,17280,10.76%,6.578MiB,22
1790858457,12,21,5,17364,9.21%,6.012MiB,22
1790858468,12,21,5,17448,10.91%,6.066MiB,22
1790858479,12,21,5,17476,9.65%,6.953MiB,22
1790858491,12,21,5,17500,10.83%,7.031MiB,22
1790858502,12,21,5,17576,9.01%,7.301MiB,22
1790858513,12,21,5,17628,10.57%,7.969MiB,22
1790858524,12,21,5,17652,9.71%,7.406MiB,22
1790858535,12,21,5,17672,10.95%,8.801MiB,22
1790858546,12,21,5,17708,8.97%,6.738MiB,22
1790858557,12,21,5,17720,8.92%,7.055MiB,22
1790858568,12,21,5,17740,10.68%,7.16MiB,22
1790858579,12,21,5,17752,9.42%,8.176MiB,22
1790858590,12,21,5,17760,10.82%,7.426MiB,22
1790858602,12,21,5,17796,8.94%,7.559MiB,22
1790858613,12,21,5,17832,9.89%,9.281MiB,22
1790858624,12,21,5,17832,8.73%,8.453MiB,22
1790858635,12,21,5,17832,10.49%,10.06MiB,25
1790858646,12,21,5,17856,10.78%,8.504MiB,22
1790858657,12,21,5,17860,8.40%,8.059MiB,22
1790858668,12,21,5,17880,10.45%,7.801MiB,22
1790858679,12,21,5,17892,8.04%,8.336MiB,22
1790858690,12,21,5,17908,11.21%,7.418MiB,22
1790858701,12,21,5,17936,9.00%,6.699MiB,22
1790858713,12,21,5,17944,11.55%,7.883MiB,22
1790858724,12,21,5,17944,8.71%,6.617MiB,22
1790858735,12,21,5,17976,11.63%,11.38MiB,22
1790858746,12,21,5,17980,10.23%,8.91MiB,22
1790858757,12,21,5,17980,9.71%,8.234MiB,22
1790858768,12,21,5,17980,10.57%,8.25MiB,22
1790858779,12,21,5,18008,9.16%,8.691MiB,22
1790858790,12,21,5,18012,11.02%,8.289MiB,22
1790858801,12,21,5,18032,8.88%,7.156MiB,22
1790858812,12,21,5,18048,10.89%,7.195MiB,22
1790858824,12,21,5,18068,8.39%,8.004MiB,22
1790858835,12,21,5,18072,11.32%,9.5MiB,22
1790858846,12,21,5,18084,10.62%,7.766MiB,22
1790858857,12,21,5,18108,9.09%,8.301MiB,22
1790858868,12,21,5,18124,10.43%,8.023MiB,22
1790858879,12,21,5,18132,8.73%,8.75MiB,22
1790858890,12,21,5,18132,10.26%,8.711MiB,22
1790858901,12,21,5,18132,8.53%,8.27MiB,22
1790858912,12,21,5,18132,11.49%,7.98MiB,22
1790858923,12,21,5,18136,8.40%,8.746MiB,22
1790858935,12,21,5,18136,11.52%,8.891MiB,22
1790858946,12,21,5,18148,10.88%,7.574MiB,22
1790858957,12,21,5,18148,9.05%,8.531MiB,22
1790858968,12,21,5,18152,10.30%,9.207MiB,22
1790858979,12,21,5,18152,9.09%,7.379MiB,22
1790858990,12,21,5,18156,10.62%,7.426MiB,22
1790859001,12,21,5,18160,9.13%,8.383MiB,22
1790859012,12,21,5,18168,10.85%,8.047MiB,22
1790859023,12,21,5,18184,8.50%,8.883MiB,22
1790859034,12,21,5,18192,11.56%,10.55MiB,22
1790859046,12,21,5,18224,11.34%,7.172MiB,22
1790859057,12,21,5,18228,8.80%,8.965MiB,22
1790859068,12,21,5,18228,10.61%,7.91MiB,22
1790859079,12,21,5,18228,8.59%,8.461MiB,22
1790859090,12,21,5,18232,11.05%,8.438MiB,22
1790859101,12,21,5,18252,8.71%,8.941MiB,22
1790859112,12,21,5,18260,10.85%,7.965MiB,22
1790859123,12,21,5,18272,9.45%,7.16MiB,22
1790859134,12,21,5,18296,10.63%,8.645MiB,22
1790859145,12,21,5,18312,10.79%,7.98MiB,22
1790859157,12,21,5,18312,8.61%,9.141MiB,22
1790859168,12,21,5,18332,11.89%,8.828MiB,22
1790859179,12,21,5,18332,9.27%,7.832MiB,22
1790859190,12,21,5,18332,11.54%,8.121MiB,22
1790859201,12,21,5,18336,9.13%,7.691MiB,22
1790859212,12,21,5,18336,11.30%,7.578MiB,22
1790859223,12,21,5,18336,9.20%,7.82MiB,22
1790859234,12,21,5,18336,10.82%,8.793MiB,22
1790859245,12,21,5,18348,10.69%,7.25MiB,22
1790859256,12,21,5,18356,9.48%,7.797MiB,22
1790859268,12,21,5,18372,11.18%,8.039MiB,22
1790859279,12,21,5,18376,9.26%,8.656MiB,22
1790859290,12,21,5,18376,11.41%,8.156MiB,22
1790859301,12,21,5,18392,8.10%,8.492MiB,22
1790859312,12,21,5,18392,10.97%,8.727MiB,22
1790859323,12,21,5,18392,9.06%,8.684MiB,22
1790859334,12,21,5,18396,11.33%,9.535MiB,22
1790859345,12,21,6,18400,8.87%,8.156MiB,22
1790859356,12,21,5,18404,9.66%,8.191MiB,22
1790859367,12,21,5,18404,10.96%,8.414MiB,22
1790859379,12,21,5,18436,9.25%,8.473MiB,22
1790859390,12,21,5,18436,10.39%,7.379MiB,22
1790859401,12,21,5,18436,9.07%,8.262MiB,22
1790859412,12,21,5,18436,11.37%,7.902MiB,22
1790859423,12,21,5,18444,8.61%,8.184MiB,22
1790859434,12,21,5,18456,10.53%,9.066MiB,22
1790859445,12,21,5,18456,9.17%,7.832MiB,22
1790859456,12,21,5,18456,9.02%,8.336MiB,22
1790859467,12,21,5,18460,10.62%,8.324MiB,22
1790859478,12,21,5,18460,8.80%,8.234MiB,22
1790859490,12,21,5,18472,10.31%,8.621MiB,22
1790859501,12,21,5,18472,8.82%,9.754MiB,22
1790859512,12,21,5,18472,10.92%,8.027MiB,22
1790859523,12,21,5,18484,8.26%,7.797MiB,22
1790859534,12,21,5,18484,11.04%,7.711MiB,22
1790859545,12,21,5,18484,8.38%,7.156MiB,22
1790859556,12,21,5,18484,8.95%,7.141MiB,22
1790859567,12,21,5,18488,10.64%,9.145MiB,22
1790859578,12,21,5,18492,9.08%,9.348MiB,22
1790859589,12,21,5,18492,10.42%,7.133MiB,22
1790859601,12,21,5,18496,8.67%,9.359MiB,22
1790859612,12,21,5,18496,11.80%,8.062MiB,22
1790859623,12,21,5,18512,9.02%,7.949MiB,22
1790859634,12,21,5,18512,10.37%,8.648MiB,22
1790859645,12,21,5,18512,8.91%,8.367MiB,22
1790859656,12,21,5,18512,11.35%,8.027MiB,22
1790859667,12,21,5,18512,10.68%,8.707MiB,22
1790859678,12,21,5,18512,8.57%,8.41MiB,22
1790859689,12,21,5,18512,12.61%,8.164MiB,22
1790859701,12,21,5,18512,9.50%,7.73MiB,22
1790859712,12,21,5,18512,11.39%,8.25MiB,22
1790859723,12,21,5,18512,9.25%,7.746MiB,22
1790859734,12,21,5,18516,10.71%,8.109MiB,22
1790859745,12,21,5,18520,11.75%,7.859MiB,22
1790859756,12,21,5,18520,11.14%,8.508MiB,22
1790859767,12,21,5,18524,10.98%,7.273MiB,22
1790859778,12,21,5,18524,8.30%,8.738MiB,22
1790859789,12,21,5,18524,10.83%,8.082MiB,22
1790859800,12,21,5,18524,10.28%,8.676MiB,22
1790859812,12,21,5,18528,11.03%,8.125MiB,22
1790859823,12,21,5,18528,8.95%,8.938MiB,22
1790859834,12,21,5,18540,10.46%,8.605MiB,22
1790859845,12,21,5,18556,11.84%,7.895MiB,22
1790859856,12,21,5,18556,8.64%,8.5MiB,22
1790859867,12,21,5,18560,11.07%,8.246MiB,22
1790859878,12,21,5,18560,8.71%,8.348MiB,22
1790859889,12,21,5,18560,11.10%,7.859MiB,22
1790859900,12,21,5,18560,8.90%,8.465MiB,22
1790859912,12,21,5,18564,11.52%,8.641MiB,22
1790859923,12,21,5,18572,8.55%,8.02MiB,22
1790859934,12,21,5,18572,12.12%,8.078MiB,22
1790859945,12,21,5,18576,11.55%,8.328MiB,22
1790859956,12,21,5,18576,9.41%,8.336MiB,22
1790859967,12,21,5,18576,11.55%,7.754MiB,22
1790859978,12,21,5,18576,8.59%,8.699MiB,22
1790859989,12,21,5,18576,10.95%,8.23MiB,22
1790860000,12,21,5,18584,9.60%,7.512MiB,22
1790860011,12,21,5,18584,10.62%,8.195MiB,22
1790860023,12,21,5,18584,9.26%,9.168MiB,22
1790860034,12,21,5,18584,10.73%,10.92MiB,22
1790860045,12,21,5,18596,10.73%,8.25MiB,22
1790860056,12,21,5,18596,8.75%,9.352MiB,22
1790860067,12,21,5,18596,13.14%,8.254MiB,22
1790860078,12,21,5,18596,9.75%,8.211MiB,22
1790860089,12,21,5,18612,11.46%,7.77MiB,22
1790860100,12,21,5,18624,8.87%,8.219MiB,22
1790860111,12,21,5,18624,11.16%,8.191MiB,22
1790860122,12,21,5,18624,9.86%,7.535MiB,22
1790860134,12,21,5,18624,10.52%,9.547MiB,22
1790860145,12,21,5,18628,11.46%,7.652MiB,22
1790860156,12,21,5,18628,10.54%,8.699MiB,22
1790860167,12,21,5,18628,10.69%,8.949MiB,22
1790860178,12,21,5,18628,9.19%,7.594MiB,22
1790860189,12,21,5,18628,11.94%,7.688MiB,22
1790860200,12,21,5,18628,8.55%,8.535MiB,22
1790860211,12,21,5,18628,11.28%,9.266MiB,22
1790860222,12,21,5,18628,9.95%,8.816MiB,22
1790860234,12,21,5,18636,10.78%,8.609MiB,22
1790860245,12,21,5,18636,13.13%,9.816MiB,22
1790860256,12,21,5,18640,9.13%,7.965MiB,22
1790860267,12,21,5,18652,10.34%,7.527MiB,22
1790860278,12,21,5,18652,9.24%,7.699MiB,22
1790860289,12,21,5,18656,11.30%,7.656MiB,22
1790860300,12,21,5,18656,8.49%,7.484MiB,22
1790860311,12,21,5,18656,10.89%,8.855MiB,22
1790860322,12,21,5,18656,9.58%,8.695MiB,22
1790860334,12,21,5,18656,12.62%,9.457MiB,22
1790860345,12,21,5,18656,9.03%,8.566MiB,22
1790860356,12,21,5,18664,9.26%,8.359MiB,22
1790860367,12,21,5,18664,10.84%,7.91MiB,22
1790860378,12,21,5,18664,9.29%,8.348MiB,22
1790860389,12,21,5,18664,10.32%,7.395MiB,22
1790860400,12,21,5,18664,9.12%,8.52MiB,22
1790860411,12,21,5,18668,12.21%,7.938MiB,22
1790860422,12,21,5,18672,9.20%,8.34MiB,22
1790860434,12,21,5,18676,11.42%,8.332MiB,22
1790860445,12,21,5,18680,8.23%,7.848MiB,22
1790860456,12,21,5,18680,10.70%,8.27MiB,22
1790860467,12,21,5,18680,10.96%,8.844MiB,22
1790860478,12,21,5,18684,9.18%,8.906MiB,22
1790860489,12,21,5,18684,10.87%,7.977MiB,22
1790860500,12,21,5,18684,8.69%,8.066MiB,22
1790860511,12,21,5,18688,11.35%,8.902MiB,22
1790860522,12,21,5,18688,8.81%,8.074MiB,22
1790860533,12,21,5,18688,10.35%,8.664MiB,22
1790860545,12,21,5,18688,9.12%,8.695MiB,22
1790860556,12,21,5,18696,11.61%,9.355MiB,22
1790860567,12,21,5,18700,11.55%,9.285MiB,22
1790860578,12,21,5,18700,8.99%,8.531MiB,22
1790860589,12,21,5,18700,10.51%,9.039MiB,22
1790860600,12,21,5,18700,10.92%,8.691MiB,22
1790860611,12,21,5,18700,11.16%,7.566MiB,22
1790860622,12,21,5,18700,10.72%,7.883MiB,22
1790860633,12,21,5,18700,11.76%,8.836MiB,22
1790860645,12,21,5,18700,8.76%,7.715MiB,22
1790860656,12,21,5,18700,8.93%,7.043MiB,22
1790860667,12,21,5,18700,11.08%,8.27MiB,22
1790860678,12,21,5,18700,9.29%,7.961MiB,22
1790860689,12,21,5,18700,10.09%,8.66MiB,22
1790860700,12,21,5,18700,9.46%,8.883MiB,22
1790860711,12,21,5,18712,11.12%,8.516MiB,22
1790860722,12,21,5,18712,8.80%,8.395MiB,22
1790860733,12,21,5,18712,10.86%,8.09MiB,22
1790860745,12,21,5,18712,9.33%,8.129MiB,22
1790860756,12,21,5,18716,8.80%,10.04MiB,22
1790860767,12,21,5,18716,10.74%,8.672MiB,22
1790860778,12,21,5,18716,9.11%,8.258MiB,22
1790860789,12,21,5,18716,13.24%,9.355MiB,22
1790860800,12,21,5,18728,8.14%,7.633MiB,22
1790860811,12,21,5,18752,11.08%,7.684MiB,22
1790860822,12,21,5,18752,9.97%,9.594MiB,22
1790860833,12,21,5,18752,11.09%,8.184MiB,22
1790860844,12,21,5,18752,9.37%,8.195MiB,22
1790860856,12,21,5,18752,8.47%,8.617MiB,22
1790860867,12,21,5,18752,11.36%,8.496MiB,22
1790860878,12,21,5,18752,9.04%,8.457MiB,22
1790860889,12,21,5,18752,10.29%,8.41MiB,22
1790860900,12,21,5,18752,9.24%,8.625MiB,22
1790860911,12,21,5,18756,10.43%,8.496MiB,22
1790860922,12,21,5,18756,11.28%,8.188MiB,22
1790860933,12,21,5,18756,10.87%,7.961MiB,22
1790860944,12,21,5,18756,9.01%,8.684MiB,22
1790860956,12,21,5,18756,11.04%,7.988MiB,22
1790860967,12,21,5,18756,11.38%,7.855MiB,22
1790860978,12,21,5,18756,8.86%,7.59MiB,22
1790860989,12,21,5,18756,10.03%,9.438MiB,22
1790861000,12,21,5,18756,8.51%,9.18MiB,22
1790861011,12,21,5,18756,11.21%,7.707MiB,22
1790861022,12,21,5,18756,8.62%,7.973MiB,22
1790861033,12,21,5,18756,10.81%,9.117MiB,22
1790861044,12,21,5,18756,8.13%,8.664MiB,22
1790861056,12,21,5,18756,9.10%,9.254MiB,22
1790861067,12,21,5,18764,11.11%,8.812MiB,22
1790861078,12,21,5,18764,8.60%,9.043MiB,22
1790861089,12,21,5,18768,9.92%,9.395MiB,22
1790861100,12,21,5,18768,9.23%,8.453MiB,22
1790861111,12,21,5,18772,11.16%,8.516MiB,22
1790861122,12,21,5,18776,8.49%,9.281MiB,22
1790861133,12,21,5,18776,11.12%,7.75MiB,22
1790861144,12,21,5,18776,8.92%,7.602MiB,22
1790861155,12,21,5,18776,9.57%,10.15MiB,29
1790861167,12,21,5,18776,11.16%,8.004MiB,22
1790861178,12,21,5,18776,8.47%,8.648MiB,22
1790861189,12,21,5,18776,10.25%,8.246MiB,22
1790861200,12,21,5,18776,8.88%,9.473MiB,22
1790861211,12,21,5,18776,11.26%,8.57MiB,22
1790861222,12,21,5,18776,8.82%,8.496MiB,22
1790861233,12,21,5,18776,9.95%,8.805MiB,22
1790861244,12,21,5,18780,8.54%,7.992MiB,22
1790861255,12,21,5,18780,11.37%,9.262MiB,22
1790861267,12,21,5,18780,10.87%,8.41MiB,22
1790861278,12,21,5,18780,9.31%,7.801MiB,22
1790861289,12,21,5,18780,11.22%,8.004MiB,22
1790861300,12,21,5,18780,9.87%,8.703MiB,22
1790861311,12,21,5,18780,10.24%,7.883MiB,22
1790861322,12,21,5,18780,9.07%,7.777MiB,22
1790861333,12,21,5,18780,10.49%,7.512MiB,22
1790861344,12,21,5,18780,9.18%,8.379MiB,22
1790861355,12,21,5,18780,12.53%,8.59MiB,22
1790861366,12,21,5,18780,7.62%,8.199MiB,22
1790861378,12,21,5,18780,9.28%,8.344MiB,22
1790861389,12,21,5,18780,10.17%,8.66MiB,22
1790861400,12,21,5,18780,9.35%,7.477MiB,22
1790861411,12,21,5,18780,12.74%,9.219MiB,22
1790861422,12,21,5,18792,9.83%,8.227MiB,22
1790861433,12,21,5,18792,10.89%,8.867MiB,22
1790861444,12,21,5,18792,9.92%,8.441MiB,22
1790861455,12,21,5,18792,12.11%,9.066MiB,22
1790861466,12,21,5,18792,11.14%,8.484MiB,22
1790861477,12,21,5,18792,9.03%,8.137MiB,22
1790861489,12,21,5,18792,10.65%,9.227MiB,22
1790861500,12,21,5,18800,8.57%,9.012MiB,22
1790861511,12,21,5,18800,9.48%,8.906MiB,22
1790861522,12,21,5,18800,8.64%,8.938MiB,22
1790861533,12,21,5,18800,10.97%,8.621MiB,22
1790861544,12,21,5,18800,10.62%,8.852MiB,22
1790861555,12,21,5,18800,10.77%,11.84MiB,22
1790861566,12,21,5,18800,11.28%,9.016MiB,22
1790861578,12,21,5,18800,11.62%,8.738MiB,22
1790861589,12,21,5,18800,11.81%,8.68MiB,22
1790861600,12,21,5,18800,8.83%,8.289MiB,22
1790861611,12,21,5,18800,11.18%,9.426MiB,22
1790861622,12,21,5,18800,10.16%,7.773MiB,22
1790861633,12,21,5,18800,12.20%,7.969MiB,22
1790861644,12,21,5,18800,8.78%,7.957MiB,22
1790861655,12,21,5,18800,11.08%,8.977MiB,22
1790861666,12,21,5,18800,11.97%,8.137MiB,22
1790861677,12,21,5,18800,8.62%,9.148MiB,22
1790861689,12,21,5,18808,11.38%,8.059MiB,22
1790861700,12,21,5,18808,9.01%,8.25MiB,22
1790861711,12,21,5,18808,10.51%,8.887MiB,22
1790861722,12,21,5,18812,8.42%,9.105MiB,22
1790861733,12,21,5,18812,10.57%,8.695MiB,22
1790861744,12,21,5,18820,9.06%,8.402MiB,22
1790861755,12,21,5,18820,11.29%,10.41MiB,22
1790861766,12,21,5,18824,10.78%,8.504MiB,22
1790861777,12,21,5,18824,8.95%,9.219MiB,22
1790861788,12,21,5,18824,11.06%,9.035MiB,22
1790861800,12,21,5,18824,8.66%,8.812MiB,22
1790861811,12,21,5,18832,11.06%,8.285MiB,22
1790861822,12,21,5,18832,8.64%,7.535MiB,22
1790861833,12,21,5,18832,10.81%,9.102MiB,22
1790861844,12,21,5,18832,8.26%,8.48MiB,22
1790861855,12,21,5,18832,10.82%,10.22MiB,22
1790861866,12,21,5,18832,10.38%,8.672MiB,22
1790861877,12,21,5,18832,10.84%,7.961MiB,22
1790861888,12,21,5,18832,12.29%,8.512MiB,22
1790861899,12,21,5,18832,9.15%,9MiB,22
1790861911,12,21,5,18832,12.56%,9.164MiB,22
1790861922,12,21,5,18832,8.01%,8.195MiB,22
1790861933,12,21,5,18832,10.79%,9.188MiB,22
1790861944,12,21,5,18836,9.50%,7.84MiB,22
1790861955,12,21,5,18836,9.62%,7.926MiB,22
1790861966,12,21,5,18840,11.55%,9.344MiB,22
1790861977,12,21,5,18840,9.20%,8.113MiB,22
1790861988,12,21,5,18844,9.87%,9.043MiB,22
1790861999,12,21,5,18844,8.68%,8.371MiB,22
1790862011,12,21,5,18844,10.92%,8.805MiB,22
