elapsed_us,decision
3063,"v=396,limit=512,inflight=0,selected=2,score=2.7041,lat=2.7041,load=1,error=1,health=1,attempts=14000,goodput=14000,deadline_misses=0,deadline_infeasible=0,limit_changes=224,overloads=0,observation_drops=0,admitted=14000,concurrency_rejected=0,candidates=0:healthy:0:1461.3:0:2.6169;1:healthy:0:558.39:0:1.0059;2:healthy:0:1509.9:0:2.7093"
100070,"v=397,limit=512,inflight=2,selected=1,score=1,lat=1,load=1,error=1,health=1,attempts=14010,goodput=14008,deadline_misses=0,deadline_infeasible=0,limit_changes=224,overloads=0,observation_drops=0,admitted=14010,concurrency_rejected=0,candidates=0:healthy:0:1461.3:0:1.4243;1:healthy:2:1026:0:1.002;2:healthy:0:1436:0:1.3996"
200061,"v=398,limit=512,inflight=1,selected=1,score=1,lat=1,load=1,error=1,health=1,attempts=14110,goodput=14109,deadline_misses=0,deadline_infeasible=0,limit_changes=224,overloads=0,observation_drops=0,admitted=14110,concurrency_rejected=0,candidates=0:healthy:0:1328.5:0:1.6936;1:healthy:1:784.43:0:1.002;2:healthy:0:1288.2:0:1.6422"
300063,"v=399,limit=512,inflight=1,selected=1,score=1,lat=1,load=1,error=1,health=1,attempts=14210,goodput=14209,deadline_misses=0,deadline_infeasible=0,limit_changes=224,overloads=0,observation_drops=0,admitted=14210,concurrency_rejected=0,candidates=0:healthy:0:1185.1:0:1.1927;1:healthy:1:993.68:0:1.002;2:healthy:0:1165.6:0:1.173"
400064,"v=400,limit=512,inflight=1,selected=0,score=1.3335,lat=1.3335,load=1,error=1,health=1,attempts=14310,goodput=14309,deadline_misses=0,deadline_infeasible=0,limit_changes=224,overloads=0,observation_drops=0,admitted=14310,concurrency_rejected=0,candidates=0:healthy:0:1125.5:0:1.3361;1:healthy:1:844.01:0:1.002;2:healthy:0:1135.6:0:1.3455"
500073,"v=401,limit=512,inflight=1,selected=1,score=1,lat=1,load=1,error=1,health=1,attempts=14410,goodput=14409,deadline_misses=0,deadline_infeasible=0,limit_changes=224,overloads=0,observation_drops=0,admitted=14410,concurrency_rejected=0,candidates=0:healthy:0:1112.3:0:1.2538;1:healthy:1:887.13:0:1.002;2:healthy:0:1119.6:0:1.2621"
600059,"v=402,limit=512,inflight=1,selected=1,score=1.002,lat=1,load=1.002,error=1,health=1,attempts=14510,goodput=14509,deadline_misses=0,deadline_infeasible=0,limit_changes=224,overloads=0,observation_drops=0,admitted=14510,concurrency_rejected=0,candidates=0:healthy:0:1103.3:0:1.2471;1:healthy:1:884.7:0:1.0039;2:healthy:0:1057.2:0:1.1949"
700054,"v=403,limit=512,inflight=1,selected=1,score=1,lat=1,load=1,error=1,health=1,attempts=14611,goodput=14610,deadline_misses=0,deadline_infeasible=0,limit_changes=224,overloads=0,observation_drops=0,admitted=14611,concurrency_rejected=0,candidates=0:healthy:0:1038.5:0:1.0964;1:healthy:1:947.2:0:1.002;2:healthy:0:974.85:0:1.0292"
800055,"v=404,limit=512,inflight=0,selected=1,score=1,lat=1,load=1,error=1,health=1,attempts=14711,goodput=14711,deadline_misses=0,deadline_infeasible=0,limit_changes=224,overloads=0,observation_drops=0,admitted=14711,concurrency_rejected=0,candidates=0:healthy:0:892.76:0:2.2191;1:healthy:0:402.31:0:1.002;2:healthy:0:898.87:0:2.2343"
900072,"v=405,limit=512,inflight=0,selected=1,score=1,lat=1,load=1,error=1,health=1,attempts=14811,goodput=14811,deadline_misses=0,deadline_infeasible=0,limit_changes=224,overloads=0,observation_drops=0,admitted=14811,concurrency_rejected=0,candidates=0:healthy:0:764.03:0:1.8794;1:healthy:0:406.52:0:1.002;2:healthy:0:799.92:0:1.9677"
1000061,"v=406,limit=512,inflight=1,selected=2,score=1,lat=1,load=1,error=1,health=1,attempts=14911,goodput=14910,deadline_misses=0,deadline_infeasible=0,limit_changes=224,overloads=0,observation_drops=0,admitted=14911,concurrency_rejected=0,candidates=0:healthy:0:783.53:0:1.0331;1:healthy:1:1000.7:0:1.3194;2:healthy:0:758.45:0:1.002"
1100054,"v=407,limit=512,inflight=0,selected=2,score=1,lat=1,load=1,error=1,health=1,attempts=15011,goodput=15011,deadline_misses=0,deadline_infeasible=0,limit_changes=224,overloads=0,observation_drops=0,admitted=15011,concurrency_rejected=0,candidates=0:healthy:0:880.21:0:1.2889;1:healthy:0:1039.1:0:1.5216;2:healthy:0:682.9:0:1.002"
1200056,"v=408,limit=512,inflight=0,selected=2,score=1,lat=1,load=1,error=1,health=1,attempts=15111,goodput=15111,deadline_misses=0,deadline_infeasible=0,limit_changes=224,overloads=0,observation_drops=0,admitted=15111,concurrency_rejected=0,candidates=0:healthy:0:751.61:0:1.8448;1:healthy:0:822.81:0:2.0195;2:healthy:0:407.43:0:1.002"
1300062,"v=409,limit=512,inflight=1,selected=2,score=1,lat=1,load=1,error=1,health=1,attempts=15212,goodput=15211,deadline_misses=0,deadline_infeasible=0,limit_changes=224,overloads=0,observation_drops=0,admitted=15212,concurrency_rejected=0,candidates=0:healthy:0:845.55:0:2.3247;1:healthy:0:898.17:0:2.4693;2:healthy:1:363.73:0:1.002"
1400059,"v=410,limit=512,inflight=1,selected=2,score=1,lat=1,load=1,error=1,health=1,attempts=15312,goodput=15311,deadline_misses=0,deadline_infeasible=0,limit_changes=224,overloads=0,observation_drops=0,admitted=15312,concurrency_rejected=0,candidates=0:healthy:0:739.64:0:1.8527;1:healthy:0:751.85:0:1.8833;2:healthy:1:399.23:0:1.002"
1500055,"v=411,limit=512,inflight=1,selected=2,score=1,lat=1,load=1,error=1,health=1,attempts=15412,goodput=15411,deadline_misses=0,deadline_infeasible=0,limit_changes=224,overloads=0,observation_drops=0,admitted=15412,concurrency_rejected=0,candidates=0:healthy:0:616.66:0:1.4598;1:healthy:0:687.33:0:1.6271;2:healthy:1:422.44:0:1.002"
1600056,"v=412,limit=512,inflight=0,selected=0,score=1.3547,lat=1.3547,load=1,error=1,health=1,attempts=15512,goodput=15512,deadline_misses=0,deadline_infeasible=0,limit_changes=224,overloads=0,observation_drops=0,admitted=15512,concurrency_rejected=0,candidates=0:healthy:0:566.27:0:1.3573;1:healthy:0:640.47:0:1.5322;2:healthy:0:418.01:0:1"
1700064,"v=413,limit=512,inflight=0,selected=2,score=1,lat=1,load=1,error=1,health=1,attempts=15612,goodput=15612,deadline_misses=0,deadline_infeasible=0,limit_changes=224,overloads=0,observation_drops=0,admitted=15612,concurrency_rejected=0,candidates=0:healthy:0:543.42:0:1.3554;1:healthy:0:585.21:0:1.4596;2:healthy:0:400.93:0:1.002"
1800062,"v=414,limit=512,inflight=1,selected=0,score=1,lat=1,load=1,error=1,health=1,attempts=15712,goodput=15711,deadline_misses=0,deadline_infeasible=0,limit_changes=224,overloads=0,observation_drops=0,admitted=15712,concurrency_rejected=0,candidates=0:healthy:0:638.39:0:1.002;1:healthy:0:675.83:0:1.0586;2:healthy:1:642.62:0:1.0066"
1900069,"v=415,limit=512,inflight=0,selected=0,score=1,lat=1,load=1,error=1,health=1,attempts=15812,goodput=15812,deadline_misses=0,deadline_infeasible=0,limit_changes=224,overloads=0,observation_drops=0,admitted=15812,concurrency_rejected=0,candidates=0:healthy:0:566.44:0:1.002;1:healthy:0:775.22:0:1.3686;2:healthy:0:824.22:0:1.4551"
2000058,"v=416,limit=512,inflight=0,selected=1,score=1.7627,lat=1.7627,load=1,error=1,health=1,attempts=15912,goodput=15912,deadline_misses=0,deadline_infeasible=0,limit_changes=224,overloads=0,observation_drops=0,admitted=15912,concurrency_rejected=0,candidates=0:healthy:0:387.03:0:1;1:healthy:0:682.23:0:1.7662;2:healthy:0:735.64:0:1.9007"
2100062,"v=417,limit=512,inflight=1,selected=0,score=1,lat=1,load=1,error=1,health=1,attempts=16013,goodput=16012,deadline_misses=0,deadline_infeasible=0,limit_changes=224,overloads=0,observation_drops=0,admitted=16013,concurrency_rejected=0,candidates=0:healthy:1:423.45:0:1.002;1:healthy:0:729.03:0:1.7217;2:healthy:0:775.29:0:1.8309"
2200072,"v=418,limit=512,inflight=1,selected=2,score=1,lat=1,load=1,error=1,health=1,attempts=16113,goodput=16112,deadline_misses=0,deadline_infeasible=0,limit_changes=224,overloads=0,observation_drops=0,admitted=16113,concurrency_rejected=0,candidates=0:healthy:0:892.55:0:1.181;1:healthy:0:803.49:0:1.0631;2:healthy:1:755.77:0:1.002"
2300068,"v=419,limit=512,inflight=1,selected=1,score=1,lat=1,load=1,error=1,health=1,attempts=16213,goodput=16212,deadline_misses=0,deadline_infeasible=0,limit_changes=224,overloads=0,observation_drops=0,admitted=16213,concurrency_rejected=0,candidates=0:healthy:0:969.59:0:1.0853;1:healthy:0:893.42:0:1.002;2:healthy:1:919.69:0:1.0294"
2400058,"v=420,limit=512,inflight=0,selected=2,score=1.517,lat=1.517,load=1,error=1,health=1,attempts=16313,goodput=16313,deadline_misses=0,deadline_infeasible=0,limit_changes=224,overloads=0,observation_drops=0,admitted=16313,concurrency_rejected=0,candidates=0:healthy:0:905.46:0:1.8262;1:healthy:0:495.81:0:1;2:healthy:0:752.16:0:1.52"
2500054,"v=421,limit=512,inflight=0,selected=1,score=1,lat=1,load=1,error=1,health=1,attempts=16413,goodput=16413,deadline_misses=0,deadline_infeasible=0,limit_changes=224,overloads=0,observation_drops=0,admitted=16413,concurrency_rejected=0,candidates=0:healthy:0:820.2:0:1.7564;1:healthy:0:466.99:0:1.002;2:healthy:0:708.66:0:1.5175"
2600056,"v=422,limit=512,inflight=0,selected=1,score=1,lat=1,load=1,error=1,health=1,attempts=16513,goodput=16513,deadline_misses=0,deadline_infeasible=0,limit_changes=224,overloads=0,observation_drops=0,admitted=16513,concurrency_rejected=0,candidates=0:healthy:0:731.9:0:1.8251;1:healthy:0:401.02:0:1.002;2:healthy:0:647.12:0:1.6137"
2700056,"v=423,limit=512,inflight=0,selected=1,score=1,lat=1,load=1,error=1,health=1,attempts=16613,goodput=16613,deadline_misses=0,deadline_infeasible=0,limit_changes=224,overloads=0,observation_drops=0,admitted=16613,concurrency_rejected=0,candidates=0:healthy:0:760.13:0:1.3673;1:healthy:0:555.94:0:1.002;2:healthy:0:582.37:0:1.0475"
2800065,"v=424,limit=512,inflight=1,selected=0,score=1.7883,lat=1.7883,load=1,error=1,health=1,attempts=16714,goodput=16713,deadline_misses=0,deadline_infeasible=0,limit_changes=224,overloads=0,observation_drops=0,admitted=16714,concurrency_rejected=0,candidates=0:healthy:0:715.15:0:1.7918;1:healthy:1:399.91:0:1;2:healthy:0:633.95:0:1.5852"
2900069,"v=425,limit=512,inflight=1,selected=2,score=1,lat=1,load=1,error=1,health=1,attempts=16814,goodput=16813,deadline_misses=0,deadline_infeasible=0,limit_changes=224,overloads=0,observation_drops=0,admitted=16814,concurrency_rejected=0,candidates=0:healthy:0:729.93:0:1.1491;1:healthy:1:857.6:0:1.3501;2:healthy:0:635.2:0:1.002"
3000066,"v=426,limit=512,inflight=1,selected=0,score=1.002,lat=1,load=1.002,error=1,health=1,attempts=16914,goodput=16913,deadline_misses=0,deadline_infeasible=0,limit_changes=224,overloads=0,observation_drops=0,admitted=16914,concurrency_rejected=0,candidates=0:healthy:0:789.27:0:1.0039;1:healthy:0:922.08:0:1.1683;2:healthy:1:934.53:0:1.184"
3100068,"v=427,limit=512,inflight=1,selected=1,score=1.002,lat=1,load=1.002,error=1,health=1,attempts=17014,goodput=17013,deadline_misses=0,deadline_infeasible=0,limit_changes=224,overloads=0,observation_drops=0,admitted=17014,concurrency_rejected=0,candidates=0:healthy:1:983.14:0:1.0395;1:healthy:0:945.79:0:1.0039;2:healthy:0:996.36:0:1.0535"
3200064,"v=428,limit=512,inflight=1,selected=1,score=1,lat=1,load=1,error=1,health=1,attempts=17114,goodput=17113,deadline_misses=0,deadline_infeasible=0,limit_changes=224,overloads=0,observation_drops=0,admitted=17114,concurrency_rejected=0,candidates=0:healthy:0:984.34:0:1.085;1:healthy:1:907.24:0:1.002;2:healthy:0:988.13:0:1.0892"
3300058,"v=429,limit=512,inflight=1,selected=1,score=1,lat=1,load=1,error=1,health=1,attempts=17214,goodput=17213,deadline_misses=0,deadline_infeasible=0,limit_changes=224,overloads=0,observation_drops=0,admitted=17214,concurrency_rejected=0,candidates=0:healthy:0:1077.8:0:1.1687;1:healthy:1:922.26:0:1.002;2:healthy:0:988.93:0:1.0723"
3400061,"v=430,limit=512,inflight=0,selected=1,score=1,lat=1,load=1,error=1,health=1,attempts=17314,goodput=17314,deadline_misses=0,deadline_infeasible=0,limit_changes=224,overloads=0,observation_drops=0,admitted=17314,concurrency_rejected=0,candidates=0:healthy:0:1110.5:0:1.231;1:healthy:0:902.09:0:1.002;2:healthy:0:1061:0:1.1761"
3500064,"v=431,limit=512,inflight=1,selected=1,score=1,lat=1,load=1,error=1,health=1,attempts=17415,goodput=17414,deadline_misses=0,deadline_infeasible=0,limit_changes=224,overloads=0,observation_drops=0,admitted=17415,concurrency_rejected=0,candidates=0:healthy:0:1038.7:0:1.7849;1:healthy:1:581.95:0:1.002;2:healthy:0:1025.4:0:1.7621"
3600064,"v=432,limit=512,inflight=1,selected=2,score=1.3035,lat=1.3035,load=1,error=1,health=1,attempts=17515,goodput=17514,deadline_misses=0,deadline_infeasible=0,limit_changes=224,overloads=0,observation_drops=0,admitted=17515,concurrency_rejected=0,candidates=0:healthy:0:974.61:0:1.1685;1:healthy:1:834.04:0:1;2:healthy:0:1087.1:0:1.306"
3700065,"v=433,limit=512,inflight=1,selected=1,score=1,lat=1,load=1,error=1,health=1,attempts=17615,goodput=17614,deadline_misses=0,deadline_infeasible=0,limit_changes=224,overloads=0,observation_drops=0,admitted=17615,concurrency_rejected=0,candidates=0:healthy:0:1009:0:1.1557;1:healthy:1:873.07:0:1.002;2:healthy:0:1033.9:0:1.1842"
3800066,"v=434,limit=512,inflight=1,selected=1,score=1,lat=1,load=1,error=1,health=1,attempts=17715,goodput=17714,deadline_misses=0,deadline_infeasible=0,limit_changes=224,overloads=0,observation_drops=0,admitted=17715,concurrency_rejected=0,candidates=0:healthy:0:1026.3:0:1.3256;1:healthy:1:774.22:0:1.002;2:healthy:0:1074.4:0:1.3877"
3900063,"v=435,limit=512,inflight=1,selected=0,score=1,lat=1,load=1,error=1,health=1,attempts=17815,goodput=17814,deadline_misses=0,deadline_infeasible=0,limit_changes=224,overloads=0,observation_drops=0,admitted=17815,concurrency_rejected=0,candidates=0:healthy:0:1018.5:0:1.002;1:healthy:1:1020.4:0:1.0019;2:healthy:0:1106.6:0:1.0865"
4000073,"v=436,limit=512,inflight=1,selected=0,score=1,lat=1,load=1,error=1,health=1,attempts=17915,goodput=17914,deadline_misses=0,deadline_infeasible=0,limit_changes=224,overloads=0,observation_drops=0,admitted=17915,concurrency_rejected=0,candidates=0:healthy:1:839.03:0:1.002;1:healthy:0:966.75:0:1.1522;2:healthy:0:1107:0:1.3194"
4100077,"v=437,limit=512,inflight=0,selected=0,score=1,lat=1,load=1,error=1,health=1,attempts=18015,goodput=18015,deadline_misses=0,deadline_infeasible=0,limit_changes=224,overloads=0,observation_drops=0,admitted=18015,concurrency_rejected=0,candidates=0:healthy:0:763.18:0:1.002;1:healthy:0:988.37:0:1.2951;2:healthy:0:1151.4:0:1.5086"
4200067,"v=438,limit=512,inflight=0,selected=0,score=1,lat=1,load=1,error=1,health=1,attempts=18115,goodput=18115,deadline_misses=0,deadline_infeasible=0,limit_changes=224,overloads=0,observation_drops=0,admitted=18115,concurrency_rejected=0,candidates=0:healthy:1:757.31:0:1.002;1:healthy:0:926.43:0:1.2233;2:healthy:0:1087.2:0:1.4356"
4300065,"v=439,limit=512,inflight=1,selected=0,score=1,lat=1,load=1,error=1,health=1,attempts=18216,goodput=18215,deadline_misses=0,deadline_infeasible=0,limit_changes=224,overloads=0,observation_drops=0,admitted=18216,concurrency_rejected=0,candidates=0:healthy:1:790.58:0:1.002;1:healthy:0:865.17:0:1.0943;2:healthy:0:911.89:0:1.1534"
4400071,"v=440,limit=512,inflight=1,selected=1,score=1.0522,lat=1.0522,load=1,error=1,health=1,attempts=18316,goodput=18315,deadline_misses=0,deadline_infeasible=0,limit_changes=224,overloads=0,observation_drops=0,admitted=18316,concurrency_rejected=0,candidates=0:healthy:1:875.66:0:1;1:healthy:0:921.36:0:1.0542;2:healthy:0:941.41:0:1.0751"
4500062,"v=441,limit=512,inflight=1,selected=0,score=1,lat=1,load=1,error=1,health=1,attempts=18416,goodput=18415,deadline_misses=0,deadline_infeasible=0,limit_changes=224,overloads=0,observation_drops=0,admitted=18416,concurrency_rejected=0,candidates=0:healthy:1:939.56:0:1.002;1:healthy:0:992.08:0:1.0559;2:healthy:0:988.62:0:1.0522"
4600069,"v=442,limit=512,inflight=1,selected=0,score=1,lat=1,load=1,error=1,health=1,attempts=18516,goodput=18515,deadline_misses=0,deadline_infeasible=0,limit_changes=224,overloads=0,observation_drops=0,admitted=18516,concurrency_rejected=0,candidates=0:healthy:1:868.92:0:1.002;1:healthy:0:1022.8:0:1.1771;2:healthy:0:1034.2:0:1.1902"
4700059,"v=443,limit=512,inflight=1,selected=0,score=1,lat=1,load=1,error=1,health=1,attempts=18616,goodput=18615,deadline_misses=0,deadline_infeasible=0,limit_changes=224,overloads=0,observation_drops=0,admitted=18616,concurrency_rejected=0,candidates=0:healthy:1:646.66:0:1.002;1:healthy:0:926.49:0:1.4327;2:healthy:0:939.74:0:1.4532"
4800060,"v=444,limit=512,inflight=1,selected=2,score=1.912,lat=1.912,load=1,error=1,health=1,attempts=18717,goodput=18716,deadline_misses=0,deadline_infeasible=0,limit_changes=224,overloads=0,observation_drops=0,admitted=18717,concurrency_rejected=0,candidates=0:healthy:1:407.21:0:1;1:healthy:0:847.9:0:2.0822;2:healthy:0:778.59:0:1.9157"
4900062,"v=445,limit=512,inflight=1,selected=0,score=1,lat=1,load=1,error=1,health=1,attempts=18817,goodput=18816,deadline_misses=0,deadline_infeasible=0,limit_changes=224,overloads=0,observation_drops=0,admitted=18817,concurrency_rejected=0,candidates=0:healthy:1:446.77:0:1.002;1:healthy:0:742.86:0:1.6627;2:healthy:0:703.37:0:1.5744"
5000071,"v=446,limit=512,inflight=1,selected=2,score=1,lat=1,load=1,error=1,health=1,attempts=18917,goodput=18916,deadline_misses=0,deadline_infeasible=0,limit_changes=224,overloads=0,observation_drops=0,admitted=18917,concurrency_rejected=0,candidates=0:healthy:1:842.82:0:1.0884;1:healthy:0:810.7:0:1.0469;2:healthy:0:774.39:0:1.002"
5100070,"v=447,limit=512,inflight=1,selected=2,score=1,lat=1,load=1,error=1,health=1,attempts=19017,goodput=19016,deadline_misses=0,deadline_infeasible=0,limit_changes=224,overloads=0,observation_drops=0,admitted=19017,concurrency_rejected=0,candidates=0:healthy:0:776.38:0:1.7428;1:healthy:0:821.64:0:1.8445;2:healthy:1:445.47:0:1.002"
5200062,"v=448,limit=512,inflight=1,selected=0,score=1.3691,lat=1.3691,load=1,error=1,health=1,attempts=19117,goodput=19116,deadline_misses=0,deadline_infeasible=0,limit_changes=224,overloads=0,observation_drops=0,admitted=19117,concurrency_rejected=0,candidates=0:healthy:0:816.95:0:1.3718;1:healthy:0:906.17:0:1.5186;2:healthy:1:596.71:0:1"
5300068,"v=449,limit=512,inflight=0,selected=2,score=1.002,lat=1,load=1.002,error=1,health=1,attempts=19217,goodput=19217,deadline_misses=0,deadline_infeasible=0,limit_changes=224,overloads=0,observation_drops=0,admitted=19217,concurrency_rejected=0,candidates=0:healthy:0:818.09:0:1.6505;1:healthy:0:854.02:0:1.723;2:healthy:0:495.67:0:1.0039"
5400068,"v=450,limit=512,inflight=1,selected=2,score=1,lat=1,load=1,error=1,health=1,attempts=19317,goodput=19316,deadline_misses=0,deadline_infeasible=0,limit_changes=224,overloads=0,observation_drops=0,admitted=19317,concurrency_rejected=0,candidates=0:healthy:0:884.11:0:1.1385;1:healthy:0:866.02:0:1.1152;2:healthy:1:776.57:0:1.002"
5500059,"v=451,limit=512,inflight=1,selected=2,score=1,lat=1,load=1,error=1,health=1,attempts=19417,goodput=19416,deadline_misses=0,deadline_infeasible=0,limit_changes=224,overloads=0,observation_drops=0,admitted=19417,concurrency_rejected=0,candidates=0:healthy:0:944.75:0:1.223;1:healthy:0:899.43:0:1.1643;2:healthy:1:772.5:0:1.002"
5600064,"v=452,limit=512,inflight=0,selected=1,score=1.0293,lat=1.0293,load=1,error=1,health=1,attempts=19517,goodput=19517,deadline_misses=0,deadline_infeasible=0,limit_changes=224,overloads=0,observation_drops=0,admitted=19517,concurrency_rejected=0,candidates=0:healthy:0:972.27:0:1.0197;1:healthy:0:981.46:0:1.0313;2:healthy:0:953.51:0:1"
5700065,"v=453,limit=512,inflight=2,selected=2,score=1,lat=1,load=1,error=1,health=1,attempts=19618,goodput=19616,deadline_misses=0,deadline_infeasible=0,limit_changes=224,overloads=0,observation_drops=0,admitted=19618,concurrency_rejected=0,candidates=0:healthy:0:950.96:0:1.0801;1:healthy:0:984.54:0:1.1182;2:healthy:2:880.43:0:1.002"
5800059,"v=454,limit=512,inflight=1,selected=2,score=1,lat=1,load=1,error=1,health=1,attempts=19718,goodput=19717,deadline_misses=0,deadline_infeasible=0,limit_changes=224,overloads=0,observation_drops=0,admitted=19718,concurrency_rejected=0,candidates=0:healthy:0:1029.2:0:1.2504;1:healthy:0:1013:0:1.2307;2:healthy:1:823.1:0:1.002"
5900063,"v=455,limit=512,inflight=1,selected=2,score=1,lat=1,load=1,error=1,health=1,attempts=19818,goodput=19817,deadline_misses=0,deadline_infeasible=0,limit_changes=224,overloads=0,observation_drops=0,admitted=19818,concurrency_rejected=0,candidates=0:healthy:0:1102.1:0:1.2292;1:healthy:0:984.19:0:1.0977;2:healthy:1:896.58:0:1.002"
6000052,"v=456,limit=512,inflight=0,selected=2,score=1,lat=1,load=1,error=1,health=1,attempts=19918,goodput=19918,deadline_misses=0,deadline_infeasible=0,limit_changes=224,overloads=0,observation_drops=0,admitted=19918,concurrency_rejected=0,candidates=0:healthy:0:1024.3:0:2.8441;1:healthy:0:882:0:2.449;2:healthy:0:360.15:0:1.002"
6100060,"v=457,limit=512,inflight=0,selected=2,score=1,lat=1,load=1,error=1,health=1,attempts=20018,goodput=20018,deadline_misses=0,deadline_infeasible=0,limit_changes=224,overloads=0,observation_drops=0,admitted=20018,concurrency_rejected=0,candidates=0:healthy:0:784.51:0:2.1596;1:healthy:0:705.76:0:1.9429;2:healthy:0:363.26:0:1.002"
6200061,"v=458,limit=512,inflight=0,selected=2,score=1,lat=1,load=1,error=1,health=1,attempts=20118,goodput=20118,deadline_misses=0,deadline_infeasible=0,limit_changes=224,overloads=0,observation_drops=0,admitted=20118,concurrency_rejected=0,candidates=0:healthy:0:667.21:0:2.0246;1:healthy:0:608.94:0:1.8478;2:healthy:0:329.55:0:1.002"
6300061,"v=459,limit=512,inflight=0,selected=1,score=1,lat=1,load=1,error=1,health=1,attempts=20218,goodput=20218,deadline_misses=0,deadline_infeasible=0,limit_changes=224,overloads=0,observation_drops=0,admitted=20218,concurrency_rejected=0,candidates=0:healthy:0:761.28:0:1.1583;1:healthy:0:657.26:0:1.002;2:healthy:0:847.61:0:1.2896"
6400060,"v=460,limit=512,inflight=1,selected=0,score=1.8452,lat=1.8452,load=1,error=1,health=1,attempts=20319,goodput=20318,deadline_misses=0,deadline_infeasible=0,limit_changes=224,overloads=0,observation_drops=0,admitted=20319,concurrency_rejected=0,candidates=0:healthy:0:673.79:0:1.8488;1:healthy:1:365.16:0:1;2:healthy:0:771.72:0:2.1134"
6500052,"v=461,limit=512,inflight=1,selected=1,score=1,lat=1,load=1,error=1,health=1,attempts=20419,goodput=20418,deadline_misses=0,deadline_infeasible=0,limit_changes=224,overloads=0,observation_drops=0,admitted=20419,concurrency_rejected=0,candidates=0:healthy:0:620.42:0:1.6465;1:healthy:1:376.81:0:1.002;2:healthy:0:650.39:0:1.726"
6600059,"v=462,limit=512,inflight=1,selected=1,score=1,lat=1,load=1,error=1,health=1,attempts=20519,goodput=20518,deadline_misses=0,deadline_infeasible=0,limit_changes=224,overloads=0,observation_drops=0,admitted=20519,concurrency_rejected=0,candidates=0:healthy:0:570.12:0:1.2928;1:healthy:1:441:0:1.002;2:healthy:0:624.14:0:1.4153"
6700059,"v=463,limit=512,inflight=1,selected=1,score=1,lat=1,load=1,error=1,health=1,attempts=20619,goodput=20618,deadline_misses=0,deadline_infeasible=0,limit_changes=224,overloads=0,observation_drops=0,admitted=20619,concurrency_rejected=0,candidates=0:healthy:0:558.82:0:1.2806;1:healthy:1:436.38:0:1.002;2:healthy:0:554.61:0:1.2709"
6800053,"v=464,limit=512,inflight=1,selected=1,score=1,lat=1,load=1,error=1,health=1,attempts=20719,goodput=20718,deadline_misses=0,deadline_infeasible=0,limit_changes=224,overloads=0,observation_drops=0,admitted=20719,concurrency_rejected=0,candidates=0:healthy:0:505.15:0:1.1507;1:healthy:1:438.99:0:1.002;2:healthy:0:522.99:0:1.1913"
6900057,"v=465,limit=512,inflight=0,selected=1,score=1,lat=1,load=1,error=1,health=1,attempts=20819,goodput=20819,deadline_misses=0,deadline_infeasible=0,limit_changes=224,overloads=0,observation_drops=0,admitted=20819,concurrency_rejected=0,candidates=0:healthy:0:577.44:0:1.4111;1:healthy:0:409.23:0:1.002;2:healthy:0:542.72:0:1.3262"
7000065,"v=466,limit=512,inflight=0,selected=1,score=1,lat=1,load=1,error=1,health=1,attempts=20919,goodput=20919,deadline_misses=0,deadline_infeasible=0,limit_changes=224,overloads=0,observation_drops=0,admitted=20919,concurrency_rejected=0,candidates=0:healthy:0:531.17:0:1.2582;1:healthy:0:422.17:0:1.002;2:healthy:0:524.11:0:1.2415"
7100058,"v=467,limit=512,inflight=0,selected=1,score=1,lat=1,load=1,error=1,health=1,attempts=21019,goodput=21019,deadline_misses=0,deadline_infeasible=0,limit_changes=224,overloads=0,observation_drops=0,admitted=21019,concurrency_rejected=0,candidates=0:healthy:0:520.98:0:1.2489;1:healthy:0:417.14:0:1.002;2:healthy:0:504.62:0:1.2097"
7200057,"v=468,limit=512,inflight=0,selected=2,score=1.2821,lat=1.2821,load=1,error=1,health=1,attempts=21119,goodput=21119,deadline_misses=0,deadline_infeasible=0,limit_changes=224,overloads=0,observation_drops=0,admitted=21119,concurrency_rejected=0,candidates=0:healthy:0:521.21:0:1.2787;1:healthy:0:407.61:0:1;2:healthy:0:522.6:0:1.2846"
7300073,"v=469,limit=512,inflight=0,selected=1,score=1,lat=1,load=1,error=1,health=1,attempts=21219,goodput=21219,deadline_misses=0,deadline_infeasible=0,limit_changes=224,overloads=0,observation_drops=0,admitted=21219,concurrency_rejected=0,candidates=0:healthy:0:554.24:0:1.2623;1:healthy:0:439.08:0:1.002;2:healthy:0:536.34:0:1.2215"
7400062,"v=470,limit=512,inflight=0,selected=1,score=1,lat=1,load=1,error=1,health=1,attempts=21319,goodput=21319,deadline_misses=0,deadline_infeasible=0,limit_changes=224,overloads=0,observation_drops=0,admitted=21319,concurrency_rejected=0,candidates=0:healthy:0:551.81:0:1.269;1:healthy:0:434.83:0:1.002;2:healthy:0:572.2:0:1.3159"
7500060,"v=471,limit=512,inflight=0,selected=2,score=1,lat=1,load=1,error=1,health=1,attempts=21419,goodput=21419,deadline_misses=0,deadline_infeasible=0,limit_changes=224,overloads=0,observation_drops=0,admitted=21419,concurrency_rejected=0,candidates=0:healthy:0:666.42:0:1.0772;1:healthy:0:884.79:0:1.4301;2:healthy:0:618.68:0:1.002"
7600061,"v=472,limit=512,inflight=1,selected=0,score=1.8026,lat=1.8026,load=1,error=1,health=1,attempts=21520,goodput=21519,deadline_misses=0,deadline_infeasible=0,limit_changes=224,overloads=0,observation_drops=0,admitted=21520,concurrency_rejected=0,candidates=0:healthy:0:661.41:0:1.8061;1:healthy:0:875.51:0:2.3861;2:healthy:1:366.92:0:1"
7700061,"v=473,limit=512,inflight=1,selected=2,score=1,lat=1,load=1,error=1,health=1,attempts=21620,goodput=21619,deadline_misses=0,deadline_infeasible=0,limit_changes=224,overloads=0,observation_drops=0,admitted=21620,concurrency_rejected=0,candidates=0:healthy:0:592.39:0:1.7598;1:healthy:0:687.87:0:2.0434;2:healthy:1:336.63:0:1.002"
7800080,"v=474,limit=512,inflight=0,selected=2,score=1,lat=1,load=1,error=1,health=1,attempts=21720,goodput=21720,deadline_misses=0,deadline_infeasible=0,limit_changes=224,overloads=0,observation_drops=0,admitted=21720,concurrency_rejected=0,candidates=0:healthy:0:561.53:0:1.44;1:healthy:0:623.7:0:1.5994;2:healthy:0:389.96:0:1.002"
7900080,"v=475,limit=512,inflight=1,selected=2,score=1,lat=1,load=1,error=1,health=1,attempts=21820,goodput=21819,deadline_misses=0,deadline_infeasible=0,limit_changes=224,overloads=0,observation_drops=0,admitted=21820,concurrency_rejected=0,candidates=0:healthy:0:580.59:0:1.38;1:healthy:0:624.16:0:1.4836;2:healthy:1:420.72:0:1.002"
8000069,"v=476,limit=512,inflight=0,selected=1,score=1.3045,lat=1.3045,load=1,error=1,health=1,attempts=21920,goodput=21920,deadline_misses=0,deadline_infeasible=0,limit_changes=224,overloads=0,observation_drops=0,admitted=21920,concurrency_rejected=0,candidates=0:healthy:0:572.59:0:1.2927;1:healthy:0:577.83:0:1.3071;2:healthy:0:442.94:0:1"
8100056,"v=477,limit=512,inflight=0,selected=2,score=1,lat=1,load=1,error=1,health=1,attempts=22020,goodput=22020,deadline_misses=0,deadline_infeasible=0,limit_changes=224,overloads=0,observation_drops=0,admitted=22020,concurrency_rejected=0,candidates=0:healthy:0:550.42:0:1.2645;1:healthy:0:574.32:0:1.3194;2:healthy:0:435.3:0:1.002"
8200069,"v=478,limit=512,inflight=0,selected=2,score=1,lat=1,load=1,error=1,health=1,attempts=22120,goodput=22120,deadline_misses=0,deadline_infeasible=0,limit_changes=224,overloads=0,observation_drops=0,admitted=22120,concurrency_rejected=0,candidates=0:healthy:0:539.95:0:1.1833;1:healthy:0:548.64:0:1.2024;2:healthy:0:456.3:0:1.002"
8300068,"v=479,limit=512,inflight=0,selected=2,score=1,lat=1,load=1,error=1,health=1,attempts=22220,goodput=22220,deadline_misses=0,deadline_infeasible=0,limit_changes=224,overloads=0,observation_drops=0,admitted=22220,concurrency_rejected=0,candidates=0:healthy:0:559.6:0:1.4001;1:healthy:0:549.86:0:1.3757;2:healthy:0:399.68:0:1.002"
8400072,"v=480,limit=512,inflight=1,selected=2,score=1.3721,lat=1.3721,load=1,error=1,health=1,attempts=22320,goodput=22319,deadline_misses=0,deadline_infeasible=0,limit_changes=224,overloads=0,observation_drops=0,admitted=22320,concurrency_rejected=0,candidates=0:healthy:0:653.15:0:1;1:healthy:0:753.53:0:1.1537;2:healthy:1:896.19:0:1.3748"
8500065,"v=481,limit=512,inflight=1,selected=1,score=1,lat=1,load=1,error=1,health=1,attempts=22421,goodput=22420,deadline_misses=0,deadline_infeasible=0,limit_changes=224,overloads=0,observation_drops=0,admitted=22421,concurrency_rejected=0,candidates=0:healthy:1:930.86:0:1.1645;1:healthy:0:799.38:0:1.002;2:healthy:0:945.84:0:1.1832"
8600057,"v=482,limit=512,inflight=1,selected=1,score=1,lat=1,load=1,error=1,health=1,attempts=22521,goodput=22520,deadline_misses=0,deadline_infeasible=0,limit_changes=224,overloads=0,observation_drops=0,admitted=22521,concurrency_rejected=0,candidates=0:healthy:0:888.44:0:1.044;1:healthy:1:851.01:0:1.002;2:healthy:0:935.07:0:1.0988"
8700057,"v=483,limit=512,inflight=1,selected=1,score=1,lat=1,load=1,error=1,health=1,attempts=22621,goodput=22620,deadline_misses=0,deadline_infeasible=0,limit_changes=224,overloads=0,observation_drops=0,admitted=22621,concurrency_rejected=0,candidates=0:healthy:0:859.07:0:2.15;1:healthy:1:399.56:0:1.002;2:healthy:0:897.33:0:2.2458"
8800059,"v=484,limit=512,inflight=1,selected=0,score=1.0747,lat=1.0747,load=1,error=1,health=1,attempts=22721,goodput=22720,deadline_misses=0,deadline_infeasible=0,limit_changes=224,overloads=0,observation_drops=0,admitted=22721,concurrency_rejected=0,candidates=0:healthy:0:840.41:0:1.0768;1:healthy:1:782.01:0:1;2:healthy:0:916.73:0:1.1723"
8900071,"v=485,limit=512,inflight=1,selected=1,score=1,lat=1,load=1,error=1,health=1,attempts=22821,goodput=22820,deadline_misses=0,deadline_infeasible=0,limit_changes=224,overloads=0,observation_drops=0,admitted=22821,concurrency_rejected=0,candidates=0:healthy:0:947.01:0:1.0258;1:healthy:1:923.17:0:1.002;2:healthy:0:943.64:0:1.0222"
9000061,"v=486,limit=512,inflight=0,selected=1,score=1,lat=1,load=1,error=1,health=1,attempts=22921,goodput=22921,deadline_misses=0,deadline_infeasible=0,limit_changes=224,overloads=0,observation_drops=0,admitted=22921,concurrency_rejected=0,candidates=0:healthy:0:912.26:0:1.1224;1:healthy:0:812.79:0:1.002;2:healthy:0:933.42:0:1.1484"
9100054,"v=487,limit=512,inflight=0,selected=1,score=1,lat=1,load=1,error=1,health=1,attempts=23021,goodput=23021,deadline_misses=0,deadline_infeasible=0,limit_changes=224,overloads=0,observation_drops=0,admitted=23021,concurrency_rejected=0,candidates=0:healthy:0:985.97:0:1.2884;1:healthy:0:765.28:0:1.002;2:healthy:0:950.74:0:1.2423"
9200061,"v=488,limit=512,inflight=1,selected=1,score=1,lat=1,load=1,error=1,health=1,attempts=23122,goodput=23121,deadline_misses=0,deadline_infeasible=0,limit_changes=224,overloads=0,observation_drops=0,admitted=23122,concurrency_rejected=0,candidates=0:healthy:0:974.63:0:1.4381;1:healthy:1:677.74:0:1.002;2:healthy:0:911.58:0:1.345"
9300060,"v=489,limit=512,inflight=1,selected=1,score=1,lat=1,load=1,error=1,health=1,attempts=23222,goodput=23221,deadline_misses=0,deadline_infeasible=0,limit_changes=224,overloads=0,observation_drops=0,admitted=23222,concurrency_rejected=0,candidates=0:healthy:0:1027.4:0:1.212;1:healthy:1:847.64:0:1.002;2:healthy:0:920.92:0:1.0865"
9400111,"v=490,limit=512,inflight=0,selected=1,score=1,lat=1,load=1,error=1,health=1,attempts=23322,goodput=23322,deadline_misses=0,deadline_infeasible=0,limit_changes=224,overloads=0,observation_drops=0,admitted=23322,concurrency_rejected=0,candidates=0:healthy:0:887.03:0:2.7007;1:healthy:0:328.44:0:1.002;2:healthy:0:747.45:0:2.2758"
9500058,"v=491,limit=512,inflight=0,selected=1,score=1,lat=1,load=1,error=1,health=1,attempts=23422,goodput=23422,deadline_misses=0,deadline_infeasible=0,limit_changes=224,overloads=0,observation_drops=0,admitted=23422,concurrency_rejected=0,candidates=0:healthy:0:855.84:0:1.8318;1:healthy:0:467.2:0:1.002;2:healthy:0:767.63:0:1.643"
9600070,"v=492,limit=512,inflight=1,selected=2,score=1,lat=1,load=1,error=1,health=1,attempts=23522,goodput=23521,deadline_misses=0,deadline_infeasible=0,limit_changes=224,overloads=0,observation_drops=0,admitted=23522,concurrency_rejected=0,candidates=0:healthy:0:842.93:0:1.1232;1:healthy:1:776.17:0:1.0343;2:healthy:0:750.45:0:1.002"
9700060,"v=493,limit=512,inflight=0,selected=2,score=1,lat=1,load=1,error=1,health=1,attempts=23622,goodput=23622,deadline_misses=0,deadline_infeasible=0,limit_changes=224,overloads=0,observation_drops=0,admitted=23622,concurrency_rejected=0,candidates=0:healthy:0:705.79:0:1.8269;1:healthy:0:744.24:0:1.9264;2:healthy:0:386.33:0:1.002"
9800067,"v=494,limit=512,inflight=0,selected=2,score=1,lat=1,load=1,error=1,health=1,attempts=23722,goodput=23722,deadline_misses=0,deadline_infeasible=0,limit_changes=224,overloads=0,observation_drops=0,admitted=23722,concurrency_rejected=0,candidates=0:healthy:0:599.04:0:1.13;1:healthy:0:688.81:0:1.2993;2:healthy:0:530.13:0:1.002"
9900065,"v=495,limit=512,inflight=1,selected=2,score=1,lat=1,load=1,error=1,health=1,attempts=23823,goodput=23822,deadline_misses=0,deadline_infeasible=0,limit_changes=224,overloads=0,observation_drops=0,admitted=23823,concurrency_rejected=0,candidates=0:healthy:0:570.93:0:1.2363;1:healthy:0:662:0:1.4335;2:healthy:1:461.82:0:1.002"
