1790867734,98.83%,19.57MiB / 15.23GiB,22
1790867737,104.46%,29.98MiB / 15.23GiB,22
1790867739,104.52%,33.3MiB / 15.23GiB,22
1790867741,103.47%,33.53MiB / 15.23GiB,41
1790867743,102.20%,33.17MiB / 15.23GiB,22
1790867745,102.68%,36.12MiB / 15.23GiB,22
1790867747,103.23%,38.46MiB / 15.23GiB,22
1790867749,103.72%,38.53MiB / 15.23GiB,22
1790867751,102.43%,39.56MiB / 15.23GiB,22
1790867753,103.14%,40.8MiB / 15.23GiB,22
1790867755,103.69%,40.76MiB / 15.23GiB,22
1790867757,102.97%,41.82MiB / 15.23GiB,22
1790867759,102.48%,43.87MiB / 15.23GiB,22
1790867761,102.50%,44.27MiB / 15.23GiB,22
1790867763,105.17%,43.01MiB / 15.23GiB,22
