id,scope,scenario,status,verification,evidence,limitation
F-REQ-001,single_fault,client cancels before admission,NOT RUN,No exact-order test found,tests/integration/attempt_management_test.cc,No deterministic client cancel before admission test is present; cancellation coverage starts after request dispatch.
F-REQ-002,single_fault,client cancels during routing,NOT RUN,No exact-order test found,tests/integration/attempt_management_test.cc,No hook pauses cancellation while selector/admission routing is executing.
F-REQ-003,single_fault,client cancels after primary dispatch,PASS,LogicalDeadlineCountsTimeoutAndCallerCancelStaysNeutral; MeasuresCancellationAwareAndIgnoringWork,tests/integration/attempt_management_test.cc,Cancellation is best effort for backends that ignore it.
F-REQ-004,single_fault,client cancellation races primary completion,PASS,CallerCancellationRacesWithBothAttemptCompletions,tests/integration/attempt_management_test.cc,Deterministic integration schedule.
F-REQ-005,single_fault,client cancellation races hedge timer,NOT RUN,Separate cancellation and hedge-timer schedules only,tests/integration/attempt_management_test.cc,No test delivers caller cancellation concurrently with an already-queued hedge timer callback.
F-REQ-006,single_fault,deadline expires before admission,PASS WITH LIMITATION,RequestContextTest.HandlesExpiredEqualityNanosecondDefaultAndOverflow; DeadlineFeasibilityTest.IncludesServiceQueueAndMarginWithStrictBoundary,tests/unit/phase2_test.cc,Boundary logic is unit tested; no real RPC is forced to expire in the admission callback.
F-REQ-007,single_fault,deadline races primary completion,PASS,DeadlineDecisionUsesCurrentTimeBeforeLatePrimarySuccess; DeadlinePreventsQueuedAndDispatchingRetry,tests/integration/attempt_management_test.cc,Deterministic fake-clock callback order.
F-REQ-008,single_fault,deadline races hedge completion,NOT RUN,No exact-order test found,tests/integration/attempt_management_test.cc,No deterministic deadline-timer versus hedge-completion schedule was run.
F-REQ-009,single_fault,hedge timer races primary completion,PASS,QueuedHedgeCallbackCannotStartAfterPrimaryCompletes,tests/integration/attempt_management_test.cc,Queued hedge callback observes terminal state and starts no backend work.
F-REQ-010,single_fault,primary and hedge complete concurrently,PASS,SimultaneousPrimaryAndHedgeSuccessCompletesOnce,tests/integration/attempt_management_test.cc,Deterministic concurrent completions; one logical terminal transition.
F-REQ-011,single_fault,retry scheduling races logical completion,PASS,QueuedRetryCallbackCannotStartAfterCallerCancellation; DeadlinePreventsQueuedAndDispatchingRetry,tests/integration/attempt_management_test.cc,New deadline case covers both pending timer and dispatch-fence interleavings.
F-REQ-012,single_fault,shutdown races every active lifecycle stage,PASS WITH LIMITATION,ShutdownCancelsPendingHedgeTimer; ShutdownCancelsPendingRetryTimer; ShutdownClosingFenceRejectsQueuedHedgeWithoutConsumingBudget; ShutdownAfterHedgeCommitCancelsCommittedAttempt,tests/integration/attempt_management_test.cc,"Representative pending timer, primary/hedge active, and dispatch-fence stages passed; not every lifecycle state was independently exercised."
F-BE-001,single_fault,immediate success,PASS,Healthy open-loop soak,artifacts/runs/phase4_healthy_soak_20261001/phase2-soak/run/manifest.json,"One hour; 900,000 successful requests; p999 omitted from claims because sample count is below one million."
F-BE-002,single_fault,fixed additional latency,PASS,Fixed A2 egress delay; Service B fixed slowdown,artifacts/runs/phase4_faulted_soak_20261001/phase2-soak/fault-event.json; artifacts/runs/phase4_baseline_20261001/phase2/F-downstream-b-slow/manifest.json,Fixed delays only; no latency distribution claim.
F-BE-003,single_fault,random bounded latency,NOT APPLICABLE,Lab behavior modes are not implemented,docs/failures/04_FAILURE_MODEL_AND_FAULT_LAB.md,"The current backend lab exposes fixed delay, CPU stress, pause, process state, and fixed UNAVAILABLE count; it has no random, bimodal, heavy-tail, periodic-spike, or gradual-latency mode."
F-BE-004,single_fault,bimodal latency distribution,NOT APPLICABLE,Lab behavior modes are not implemented,docs/failures/04_FAILURE_MODEL_AND_FAULT_LAB.md,"The current backend lab exposes fixed delay, CPU stress, pause, process state, and fixed UNAVAILABLE count; it has no random, bimodal, heavy-tail, periodic-spike, or gradual-latency mode."
F-BE-005,single_fault,heavy/long-tail latency distribution,NOT APPLICABLE,Lab behavior modes are not implemented,docs/failures/04_FAILURE_MODEL_AND_FAULT_LAB.md,"The current backend lab exposes fixed delay, CPU stress, pause, process state, and fixed UNAVAILABLE count; it has no random, bimodal, heavy-tail, periodic-spike, or gradual-latency mode."
F-BE-006,single_fault,periodic latency spikes,NOT APPLICABLE,Lab behavior modes are not implemented,docs/failures/04_FAILURE_MODEL_AND_FAULT_LAB.md,"The current backend lab exposes fixed delay, CPU stress, pause, process state, and fixed UNAVAILABLE count; it has no random, bimodal, heavy-tail, periodic-spike, or gradual-latency mode."
F-BE-007,single_fault,gradual latency degradation,NOT APPLICABLE,Lab behavior modes are not implemented,docs/failures/04_FAILURE_MODEL_AND_FAULT_LAB.md,"The current backend lab exposes fixed delay, CPU stress, pause, process state, and fixed UNAVAILABLE count; it has no random, bimodal, heavy-tail, periodic-spike, or gradual-latency mode."
F-BE-008,single_fault,CPU saturation,PASS WITH LIMITATION,Scenario C A2 CPU stress,artifacts/runs/phase4_baseline_20261001/phase2/C-a2-cpu-saturation/manifest.json,One stress worker was applied in A2 without a cgroup CPU quota or dedicated A2 CPU sample; service-level saturation effect is not established.
F-BE-009,single_fault,memory pressure,NOT RUN,No memory-pressure injector,lab/compose.yaml,A bounded backend memory-pressure campaign was not run; the harness has no memory fault mode.
F-BE-010,single_fault,worker/thread starvation,NOT RUN,No worker-starvation injector,lab/compose.yaml,The harness has no deterministic backend worker/thread-starvation control.
F-BE-011,single_fault,local queue saturation,NOT APPLICABLE,No application-owned backend queue,src/app/services.cc,The dummy service has no explicit bounded work queue to saturate; gRPC internal queue exhaustion is outside this lab model.
F-BE-012,single_fault,immediate UNAVAILABLE,PASS,Deterministic UNAVAILABLE and seeded incident loss/unavailable/retry,artifacts/runs/phase4_chaos_20261001_r10/chaos/events.csv,Cluster-wide outage is brief and scoped; events record recovery and cleanup.
F-BE-013,single_fault,RESOURCE_EXHAUSTED,NOT RUN,No explicit RESOURCE_EXHAUSTED or INTERNAL response campaign,tests/integration/attempt_management_test.cc,The Phase 4 fault matrix did not inject these backend status codes as independent scenarios.
F-BE-014,single_fault,INTERNAL/error response,NOT RUN,No explicit RESOURCE_EXHAUSTED or INTERNAL response campaign,tests/integration/attempt_management_test.cc,The Phase 4 fault matrix did not inject these backend status codes as independent scenarios.
F-BE-015,single_fault,connection refusal,PASS WITH LIMITATION,Startup matrix late endpoint / temporary connection refusal,artifacts/runs/phase4_startup_canonical_20261001/startup-matrix/result.txt,Static endpoint only; DNS failure and resolver recovery are outside current deployment model.
F-BE-016,single_fault,abrupt connection reset,PASS WITH LIMITATION,Scoped process kill/restart and gRPC failure recovery,artifacts/runs/phase4_chaos_20261001_r9/chaos/events.csv,Process termination represents connection break; no raw TCP RST packet injection.
F-BE-017,single_fault,server process crash,PASS WITH LIMITATION,A2/A3 scoped process restart under traffic,artifacts/runs/phase4_chaos_20261001_r10/chaos/events.csv; artifacts/runs/phase4_chaos_20261001_r9/chaos/events.csv,Recovery was verified; the process-kill episode does not guarantee a held RPC at the exact kill instant.
F-BE-018,single_fault,server restart during active RPC,PASS WITH LIMITATION,A2/A3 scoped process restart under traffic,artifacts/runs/phase4_chaos_20261001_r10/chaos/events.csv; artifacts/runs/phase4_chaos_20261001_r9/chaos/events.csv,Recovery was verified; the process-kill episode does not guarantee a held RPC at the exact kill instant.
F-BE-019,single_fault,server freeze/hang,PASS,A2 pause/resume chaos episode,artifacts/runs/phase4_chaos_20261001_r4/chaos/events.csv,Container pause/resume was target-verified and cleaned up.
F-BE-020,single_fault,ignores cancellation and continues work,PASS,MeasuresCancellationAwareAndIgnoringWork,tests/integration/attempt_management_test.cc,Cancellation remains best effort; post-cancel work is measured for ignoring backends.
F-BE-021,single_fault,honors cancellation promptly,PASS,MeasuresCancellationAwareAndIgnoringWork,tests/integration/attempt_management_test.cc,Cancellation remains best effort; post-cancel work is measured for ignoring backends.
F-BE-022,single_fault,oversized response within configured protocol bounds,NOT RUN,No oversized-response case,tests/integration/rpc_services_test.cc,The E2E protocol campaign did not return a near-limit or oversized response.
F-BE-023,single_fault,slow downstream dependency B,PASS,Fixed A2 egress delay; Service B fixed slowdown,artifacts/runs/phase4_faulted_soak_20261001/phase2-soak/fault-event.json; artifacts/runs/phase4_baseline_20261001/phase2/F-downstream-b-slow/manifest.json,Fixed delays only; no latency distribution claim.
F-BE-024,single_fault,dependency B fails while A remains reachable,PASS,Service B process restart while A replicas remain configured,artifacts/runs/phase4_chaos_20261001_r2/chaos/events.csv,Dependency restart/recovery was tested; dependency-only packet partition was not.
F-BE-025,single_fault,replica repeatedly flaps healthy/unhealthy,PASS WITH LIMITATION,A2 slow/healthy/down/healthy flapping event,artifacts/runs/phase4_chaos_20261001_r4/chaos/events.csv,One seeded flapping sequence and recovery probe; not a long statistical false-recovery study.
F-NET-001,single_fault,fixed latency,PASS,Fixed A2 egress delay,artifacts/runs/phase4_faulted_soak_20261001/phase2-soak/fault-event.json,One directional scoped link delay.
F-NET-002,single_fault,variable jitter,NOT APPLICABLE,Impairment mode absent from allowlist,lab/run_phase4_chaos.sh,"The Phase 4 fault runner supports fixed delay and loss; it does not expose jitter, burst loss, duplication, reordering, or bandwidth shaping."
F-NET-003,single_fault,independent packet loss,NOT RUN,No independent-loss percentage campaign,artifacts/runs/phase4_chaos_20261001_r11/chaos/events.csv,Only 100% A2 egress loss was measured; that does not represent independent packet loss.
F-NET-004,single_fault,burst loss,NOT APPLICABLE,Impairment mode absent from allowlist,lab/run_phase4_chaos.sh,"The Phase 4 fault runner supports fixed delay and loss; it does not expose jitter, burst loss, duplication, reordering, or bandwidth shaping."
F-NET-005,single_fault,packet duplication,NOT APPLICABLE,Impairment mode absent from allowlist,lab/run_phase4_chaos.sh,"The Phase 4 fault runner supports fixed delay and loss; it does not expose jitter, burst loss, duplication, reordering, or bandwidth shaping."
F-NET-006,single_fault,packet reordering,NOT APPLICABLE,Impairment mode absent from allowlist,lab/run_phase4_chaos.sh,"The Phase 4 fault runner supports fixed delay and loss; it does not expose jitter, burst loss, duplication, reordering, or bandwidth shaping."
F-NET-007,single_fault,bandwidth restriction,NOT APPLICABLE,Impairment mode absent from allowlist,lab/run_phase4_chaos.sh,"The Phase 4 fault runner supports fixed delay and loss; it does not expose jitter, burst loss, duplication, reordering, or bandwidth shaping."
F-NET-008,single_fault,temporary blackhole,PASS WITH LIMITATION,A2 100% egress-loss event,artifacts/runs/phase4_chaos_20261001_r11/chaos/events.csv,"This is one-direction loss on one replica interface, not a symmetric network partition."
F-NET-009,single_fault,asymmetric latency,PASS WITH LIMITATION,A2 fixed egress delay,artifacts/runs/phase4_faulted_soak_20261001/phase2-soak/fault-event.json,Only directional fixed latency was exercised; no separate return-path impairment.
F-NET-010,single_fault,asymmetric loss,PASS WITH LIMITATION,A2 100% egress-loss event,artifacts/runs/phase4_chaos_20261001_r11/chaos/events.csv,"This is one-direction loss on one replica interface, not a symmetric network partition."
F-NET-011,single_fault,proxy-to-single-replica partition,NOT RUN,No fault on router egress toward one replica,lab/run_phase4_chaos.sh; artifacts/runs/phase4_chaos_20261001_r11/chaos/events.csv,The executed 100% loss rule is on A2 egress (replica-to-router direction); the documented proxy-to-replica direction was not injected.
F-NET-012,single_fault,single-replica-to-dependency partition,NOT RUN,No dependency-link or client-router network fault,lab/run_phase4_chaos.sh,The allowlist does not target the Service B link or client-to-router path.
F-NET-013,single_fault,client-to-proxy degradation,NOT RUN,No dependency-link or client-router network fault,lab/run_phase4_chaos.sh,The allowlist does not target the Service B link or client-to-router path.
F-LOAD-001,single_fault,steady expected load,PASS,One-hour healthy soak and faulted soak,artifacts/runs/phase4_healthy_soak_20261001/phase2-soak/run/manifest.json; artifacts/runs/phase4_faulted_soak_20261001/phase2-soak/run/manifest.json,Single-machine Compose topology.
F-LOAD-002,single_fault,step 1x -> 5x,PASS,Seeded 1x-to-5x incident step,artifacts/runs/phase4_chaos_20261001_r2/chaos/events.csv,One seeded 100-to-500 RPS transition.
F-LOAD-003,single_fault,step 5x -> 1x,PASS,10x step-up followed by baseline recovery,artifacts/runs/phase4_baseline_20261001/phase2/stability-30-60-step-up/manifest.json; artifacts/runs/phase4_baseline_20261001/phase2/stability-90-120-recovery/manifest.json,Single spike trace; oscillatory run is being collected separately.
F-LOAD-004,single_fault,sustained overload beyond capacity,PASS WITH LIMITATION,"Global B slowdown at 2,000 offered RPS",artifacts/runs/phase4_baseline_20261001/phase2/H-global-overload/manifest.json,"Controlled shedding: 3,378/40,000 successful, 36,622 rejected; this does not identify healthy hardware saturation."
F-LOAD-005,single_fault,periodic burst train,PASS,Built-in periodic burst workload,artifacts/runs/phase4_baseline_20261001/phase2/G-one-to-five-burst/manifest.json,Burst mode is generated by one open-loop client.
F-LOAD-006,single_fault,Poisson arrival workload,PASS WITH LIMITATION,Poisson schedule deterministic unit coverage,tests/unit/arrival_schedule_test.cc,Seeded Poisson scheduler is verified; no separate live Poisson experiment was run.
F-LOAD-007,single_fault,synchronized client burst,NOT RUN,No multi-client synchronized burst experiment,lab/compose.yaml,Current open-loop test uses one generator process and does not model synchronized client fleets.
F-LOAD-008,single_fault,mixed cheap/expensive request service times,NOT RUN,No mixed service-time distribution,src/app/services.cc,Bench workload used one work-unit class; mixed cheap/expensive RPCs were not executed.
F-LOAD-009,single_fault,traffic disappears then resumes suddenly,NOT RUN,No zero-traffic interval with sudden return,artifacts/runs/phase4_baseline_20261001/phase2/stability-90-120-recovery/manifest.json,Recovery returned from high to normal offered load; the generator did not stop traffic completely.
F-CTL-001,single_fault,stale latency observations,NOT RUN,No matching controller hook or scenario,tests/unit/phase2_test.cc,"The run did not synthesize stale, delayed, missing, flooded, or stalled controller observations."
F-CTL-002,single_fault,delayed observation processing,NOT RUN,No matching controller hook or scenario,tests/unit/phase2_test.cc,"The run did not synthesize stale, delayed, missing, flooded, or stalled controller observations."
F-CTL-003,single_fault,missing observation interval,NOT RUN,No matching controller hook or scenario,tests/unit/phase2_test.cc,"The run did not synthesize stale, delayed, missing, flooded, or stalled controller observations."
F-CTL-004,single_fault,isolated extreme outlier,PASS,ReplicaStateTest.BoundsSamplesAndLimitsOutlierImpactOnEwma,tests/unit/phase2_test.cc,One deterministic outlier/bounds test; no outlier flood campaign.
F-CTL-005,single_fault,burst of extreme outliers,NOT RUN,No matching controller hook or scenario,tests/unit/phase2_test.cc,"The run did not synthesize stale, delayed, missing, flooded, or stalled controller observations."
F-CTL-006,single_fault,invalid NaN/inf sample at validation boundary,PASS WITH LIMITATION,Invalid floating-point config is rejected before service,artifacts/runs/phase4_config_matrix_20261001_r3/config-matrix/result.txt,NaN/Infinity at the configuration boundary is covered; malformed internal observation injection is not supported.
F-CTL-007,single_fault,limit at configured minimum,PASS WITH LIMITATION,AimdControllerTest.IncreasesOnlyOnControlWindowAndReducesOnOverload; config bounds matrix,tests/unit/phase2_test.cc; artifacts/runs/phase4_config_matrix_20261001_r3/config-matrix/result.txt,Controller min/max logic is deterministic-unit tested; live fault run did not force and hold each bound.
F-CTL-008,single_fault,limit at configured maximum,PASS WITH LIMITATION,AimdControllerTest.IncreasesOnlyOnControlWindowAndReducesOnOverload; config bounds matrix,tests/unit/phase2_test.cc; artifacts/runs/phase4_config_matrix_20261001_r3/config-matrix/result.txt,Controller min/max logic is deterministic-unit tested; live fault run did not force and hold each bound.
F-CTL-009,single_fault,oscillating offered load,PASS WITH LIMITATION,Three repeated 1x/5x demand cycles,artifacts/runs/phase4_oscillation_20261001/phase2,"All six waves admitted 100%; no rejection or amplification. AIMD limit rose during low demand and reached its 512 cap by wave 2; this shows monotone additive growth, not a stable demand-tracking oscillation test."
F-CTL-010,single_fault,all replicas degrade simultaneously,PASS WITH LIMITATION,All replicas slowed then restored together,artifacts/runs/phase4_baseline_20261001/phase2/I-all-replicas-slow/manifest.json; artifacts/runs/phase4_baseline_20261001/phase2/J-load-normal-again/manifest.json,One global impairment/recovery transition; not a multi-day recovery study.
F-CTL-011,single_fault,multiple replicas recover simultaneously,PASS WITH LIMITATION,All replicas slowed then restored together,artifacts/runs/phase4_baseline_20261001/phase2/I-all-replicas-slow/manifest.json; artifacts/runs/phase4_baseline_20261001/phase2/J-load-normal-again/manifest.json,One global impairment/recovery transition; not a multi-day recovery study.
F-CTL-012,single_fault,controller thread stalls temporarily,NOT RUN,No matching controller hook or scenario,tests/unit/phase2_test.cc,"The run did not synthesize stale, delayed, missing, flooded, or stalled controller observations."
F-TEL-001,single_fault,OTel Collector unavailable at startup,NOT APPLICABLE,External telemetry sinks and asynchronous exporter are not deployed,docs/architecture/07_OBSERVABILITY_AND_OPERATIONS.md,"ARTC currently exposes process-local counters and shutdown summaries; there is no OTel Collector, Prometheus endpoint, Tempo exporter, trace sampler, or telemetry queue to fail."
F-TEL-002,single_fault,collector dies under load,NOT APPLICABLE,External telemetry sinks and asynchronous exporter are not deployed,docs/architecture/07_OBSERVABILITY_AND_OPERATIONS.md,"ARTC currently exposes process-local counters and shutdown summaries; there is no OTel Collector, Prometheus endpoint, Tempo exporter, trace sampler, or telemetry queue to fail."
F-TEL-003,single_fault,Prometheus unavailable,NOT APPLICABLE,External telemetry sinks and asynchronous exporter are not deployed,docs/architecture/07_OBSERVABILITY_AND_OPERATIONS.md,"ARTC currently exposes process-local counters and shutdown summaries; there is no OTel Collector, Prometheus endpoint, Tempo exporter, trace sampler, or telemetry queue to fail."
F-TEL-004,single_fault,Tempo unavailable,NOT APPLICABLE,External telemetry sinks and asynchronous exporter are not deployed,docs/architecture/07_OBSERVABILITY_AND_OPERATIONS.md,"ARTC currently exposes process-local counters and shutdown summaries; there is no OTel Collector, Prometheus endpoint, Tempo exporter, trace sampler, or telemetry queue to fail."
F-TEL-005,single_fault,exporter blocks/slows,NOT APPLICABLE,External telemetry sinks and asynchronous exporter are not deployed,docs/architecture/07_OBSERVABILITY_AND_OPERATIONS.md,"ARTC currently exposes process-local counters and shutdown summaries; there is no OTel Collector, Prometheus endpoint, Tempo exporter, trace sampler, or telemetry queue to fail."
F-TEL-006,single_fault,telemetry queue reaches bound,NOT APPLICABLE,External telemetry sinks and asynchronous exporter are not deployed,docs/architecture/07_OBSERVABILITY_AND_OPERATIONS.md,"ARTC currently exposes process-local counters and shutdown summaries; there is no OTel Collector, Prometheus endpoint, Tempo exporter, trace sampler, or telemetry queue to fail."
F-TEL-007,single_fault,trace sampling config changes,NOT APPLICABLE,External telemetry sinks and asynchronous exporter are not deployed,docs/architecture/07_OBSERVABILITY_AND_OPERATIONS.md,"ARTC currently exposes process-local counters and shutdown summaries; there is no OTel Collector, Prometheus endpoint, Tempo exporter, trace sampler, or telemetry queue to fail."
F-PROC-001,single_fault,ARTC starts before all replicas,PASS,Startup-order matrix,artifacts/runs/phase4_startup_canonical_20261001/startup-matrix/result.txt,"Five startup-order cases, including late dependency and replica."
F-PROC-002,single_fault,replicas start before ARTC,PASS,Startup-order matrix,artifacts/runs/phase4_startup_canonical_20261001/startup-matrix/result.txt,"Five startup-order cases, including late dependency and replica."
F-PROC-003,single_fault,dependency B starts late,PASS,Startup-order matrix,artifacts/runs/phase4_startup_canonical_20261001/startup-matrix/result.txt,"Five startup-order cases, including late dependency and replica."
F-PROC-004,single_fault,one replica starts late,PASS,Startup-order matrix,artifacts/runs/phase4_startup_canonical_20261001/startup-matrix/result.txt,"Five startup-order cases, including late dependency and replica."
F-PROC-005,single_fault,replica is removed while attempts are active,PASS WITH LIMITATION,A2/A3 process kill and restart under traffic,artifacts/runs/phase4_chaos_20261001_r9/chaos/events.csv; artifacts/runs/phase4_chaos_20261001_r10/chaos/events.csv,The restart is scoped and recovery is verified; exact active-attempt removal timing is not deterministic.
F-PROC-006,single_fault,configuration is invalid,PASS,31 invalid configuration cases rejected before serving,artifacts/runs/phase4_config_matrix_20261001_r3/config-matrix/result.txt,Includes defaults and bounds; no silent correction.
F-PROC-007,single_fault,graceful shutdown while idle,PASS WITH LIMITATION,20 repeated start/stop cycles,artifacts/runs/phase4_startup_canonical_20261001/startup-matrix/result.txt,"Cycles use idle/health traffic, not a separate long idle soak."
F-PROC-008,single_fault,graceful shutdown under heavy load,PASS WITH LIMITATION,Router restart during steady request load plus deterministic shutdown races,artifacts/runs/phase4_chaos_20261001_r11/chaos/events.csv; tests/integration/attempt_management_test.cc,Router-restart load-window metadata is invalidated by expected missing trailers; lifecycle safety is separately covered by deterministic tests.
F-PROC-009,single_fault,forced termination followed by restart,PASS WITH LIMITATION,Router SIGKILL/restart and A replica process restart,artifacts/runs/phase4_chaos_20261001_r11/chaos/events.csv; artifacts/runs/phase4_chaos_20261001_r9/chaos/events.csv,Controller state is in-memory and rebuilds on restart; router restart window has an explicit metadata limitation.
F-RES-001,single_fault,high concurrent request count,PASS WITH LIMITATION,"2,000 RPS stress step and one-hour soak",artifacts/runs/phase4_baseline_20261001/phase2/H-global-overload/manifest.json; artifacts/runs/phase4_healthy_soak_20261001/phase2-soak/resource-analysis.json,No controlled cgroup pressure campaign; global slowdown shows rejection bounded at configured concurrency.
F-RES-002,single_fault,allocator pressure,NOT APPLICABLE,No deterministic allocation-failure test hook,tests/integration/attempt_management_test.cc,Allocation failures are not injectable through current production/test interfaces.
F-RES-003,single_fault,file-descriptor pressure,NOT RUN,No file-descriptor limit campaign,artifacts/runs/phase4_healthy_soak_20261001/phase2-soak/resource-analysis.json,FD drift is measured under soak; deliberate near-limit exhaustion was not run to avoid host-wide resource pressure.
F-RES-004,single_fault,connection churn,PASS WITH LIMITATION,20 start/stop cycles plus steady-load soak resource sampling,artifacts/runs/phase4_startup_canonical_20261001/startup-matrix/result.txt; artifacts/runs/phase4_healthy_soak_20261001/phase2-soak/resource-analysis.json,No dedicated high-churn connection benchmark was run.
F-RES-005,single_fault,telemetry-buffer pressure,NOT APPLICABLE,No asynchronous telemetry buffer exists,docs/architecture/07_OBSERVABILITY_AND_OPERATIONS.md,Process-local atomic counters/snapshots have no telemetry buffer to saturate.
F-RES-006,single_fault,maximum configured queue pressure,NOT APPLICABLE,No configurable application queue in router/backend,src/app/services.cc,Pressure is bounded through admission/active-attempt limits; no separate configurable application work queue exists.
F-RES-007,single_fault,CPU starvation of ARTC itself,NOT RUN,No ARTC CPU-starvation injection,artifacts/runs/phase4_baseline_20261001/phase2/C-a2-cpu-saturation/manifest.json,Only backend CPU pressure was injected; starving the router process on the shared host was not attempted.
F-RES-008,single_fault,memory pressure on ARTC process,NOT RUN,No ARTC memory-pressure injection,lab/compose.yaml,No container memory limit/pressure experiment was run in Phase 4.
C-001,multi_fault,burst load + one slow replica,PASS,Seeded A2 straggler with load step,artifacts/runs/phase4_chaos_20261001_r4/chaos/events.csv,"75 ms A2 delay, 100-to-1,000 RPS step, 500 ms deadline; one episode."
C-002,multi_fault,packet loss + retry enabled,PASS,Packet loss with retry enabled and cluster UNAVAILABLE,artifacts/runs/phase4_chaos_20261001_r10/chaos/events.csv,Valid corrected event also restarted A3; cleanup and recovery passed.
C-003,multi_fault,isolated slow replica + hedge enabled,PASS,Isolated straggler with hedging enabled,artifacts/runs/phase4_chaos_20261001_r4/chaos/events.csv,One seeded event; no repeated p99 comparison.
C-004,multi_fault,all replicas overloaded + incoming burst,PASS,All replicas slow plus load step,artifacts/runs/phase4_chaos_20261001_r4/chaos/events.csv,One bounded global-slowdown incident.
C-005,multi_fault,B dependency slow + one A replica CPU saturated,PASS WITH LIMITATION,A2 CPU stress plus Service B slowdown plus load step,artifacts/runs/phase4_chaos_20261001_r2/chaos/events.csv,One scoped worker and one dependency delay; no container CPU quota or direct A2 utilization sample; cleanup verified.
C-006,multi_fault,short deadlines + load increase,PASS,Short deadline plus offered-load increase,artifacts/runs/phase4_chaos_20261001_r4/chaos/events.csv,500 ms deadline and 10x load step; one episode.
C-007,multi_fault,backend recovery + immediate traffic spike,PASS,Replica recovery plus traffic spike,artifacts/runs/phase4_chaos_20261001_r4/chaos/events.csv,One seeded process-restart/recovery incident with clean probe.
C-008,multi_fault,telemetry outage + high request volume,NOT APPLICABLE,External telemetry sink outage is outside support boundary,docs/architecture/07_OBSERVABILITY_AND_OPERATIONS.md,No external collector/exporter is deployed.
C-009,multi_fault,replica removal + hedge timer fires,NOT RUN,No replica-removal plus hedge-timer schedule,tests/integration/attempt_management_test.cc,Replica removal and queued hedge callback were not forced together.
C-010,multi_fault,shutdown + active retry + client cancellation,NOT RUN,"No combined shutdown, active retry, and client-cancel incident",tests/integration/attempt_management_test.cc,"Pending-retry shutdown and retry/caller-cancel are covered separately, not in one three-way schedule."
C-011,multi_fault,packet loss + backend restart,PASS,Packet loss plus A3 process restart under unavailable/retry pressure,artifacts/runs/phase4_chaos_20261001_r10/chaos/events.csv,Valid corrected run; cleanup and post-fault recovery probe passed.
C-012,multi_fault,overload + retryable errors + reduced deadlines,NOT RUN,No overload plus retryable errors plus reduced-deadline compound run,artifacts/runs/phase4_baseline_20261001/phase2/H-global-overload/manifest.json,Global overload and retryable-error cases exist separately; they were not combined with reduced deadlines.
PW-001,pairwise,Burst + one straggler,PASS,Chaos episode C-001,artifacts/runs/phase4_chaos_20261001_r4/chaos/events.csv,One 5x/10x step with A2 impairment; single trial.
PW-002,pairwise,Burst + all replicas slow,PASS,Chaos episode C-004,artifacts/runs/phase4_chaos_20261001_r4/chaos/events.csv,One bounded global-slowdown/load-step episode.
PW-003,pairwise,Packet impairment + retry enabled,PASS,Chaos episode C-011,artifacts/runs/phase4_chaos_20261001_r10/chaos/events.csv,Includes cluster UNAVAILABLE and restart; exact load/window remains limited to one run.
PW-004,pairwise,Latency impairment + hedging enabled,PASS,Chaos episode C-003,artifacts/runs/phase4_chaos_20261001_r4/chaos/events.csv,One seeded straggler/hedge episode; no repeated tail-latency estimate.
PW-005,pairwise,A2 CPU saturation + Service B slowdown,PASS WITH LIMITATION,Chaos episode C-005,artifacts/runs/phase4_chaos_20261001_r2/chaos/events.csv,Saturation effect is not isolated or quantified; scoped faults and cleanup were recorded.
PW-006,pairwise,Short deadline + high offered load,PASS,Chaos episode C-006,artifacts/runs/phase4_chaos_20261001_r4/chaos/events.csv,500 ms deadline and 10x step; one episode.
PW-007,pairwise,Retry budget near empty + retryable failure,PASS WITH LIMITATION,ZeroRetryBudgetDeniesReplacement; retry storm,tests/integration/attempt_management_test.cc; artifacts/reviews/phase4-hardening-evidence.txt,Budget exhaustion was tested; no live run begins at exactly one remaining token.
PW-008,pairwise,Hedge pressure + route concurrency pressure,PASS,HedgeOverloadUsesLiveAdmissionPressure,tests/integration/attempt_management_test.cc,Deterministic admission-pressure test denies hedge without consuming budget.
PW-009,pairwise,Replica recovery + traffic spike,PASS,Chaos episode C-007,artifacts/runs/phase4_chaos_20261001_r4/chaos/events.csv,One restart/recovery spike with clean recovery probe.
PW-010,pairwise,Caller cancellation + hedge completion,PASS,CallerCancellationRacesWithBothAttemptCompletions,tests/integration/attempt_management_test.cc,Deterministic race schedule; single logical completion invariant.
PW-011,pairwise,Deadline + retry timer/dispatch,PASS,DeadlinePreventsQueuedAndDispatchingRetry,tests/integration/attempt_management_test.cc; artifacts/reviews/phase4-deadline-retry-targeted-build.log,"Both pending-timer and pre-dispatch callback schedules pass Debug, ASan/UBSan/LSan, and TSan."
PW-012,pairwise,Shutdown + active attempt/timer,PASS WITH LIMITATION,ShutdownClosingFenceRejectsQueuedHedgeWithoutConsumingBudget; ShutdownAfterHedgeCommitCancelsCommittedAttempt; ShutdownCancelsPendingRetryTimer,tests/integration/attempt_management_test.cc,Active hedge and pending retry are covered in separate controlled schedules; no combined all-stage shutdown load run.
PW-013,pairwise,Telemetry sink failure + high traffic,NOT APPLICABLE,No external sink exists,docs/architecture/07_OBSERVABILITY_AND_OPERATIONS.md,Current in-process counters have no remote exporter/queue dependency to fail.
