scenario	samples	admitted	rejected	goodput	attempt_amplification	generator_saturated
phase2_healthy	200	200	0	200	1	False
phase3_healthy	200	200	0	200	1	False
phase3_healthy-repeat2	200	200	0	200	1	False
phase3_healthy-repeat3	200	200	0	200	1	False
straggler_unhedged	450	450	0	450	1	False
straggler_hedge_5ms	450	450	0	450	1.3333333	False
straggler_hedge_20ms	450	450	0	450	1.3333333	False
straggler_hedge_50ms	450	450	0	450	1.3333333	False
all_replicas_slow	50	50	0	50	1.1	False
all_replicas_slow-repeat2	50	50	0	50	1	False
all_replicas_slow-repeat3	50	50	0	50	1	False
all_replicas_slow-repeat4	50	50	0	50	1	False
all_replicas_slow-recovery	100	100	0	100	1	False
transient_unavailable_retry_off	200	200	0	170	1	False
transient_unavailable	200	200	0	200	1.15	False
retry_storm	50	50	0	0	1.06	False
retry_storm-repeat2	50	50	0	0	1	False
retry_storm-repeat3	50	50	0	0	1	False
retry_storm-repeat4	50	50	0	0	1	False
non_idempotent	150	150	0	150	1	False
cancellation_aware	200	200	0	200	1.335	False
cancellation_ignoring	200	200	0	200	1.335	False
short_deadline	50	50	0	50	1	False
